status,name,place,area,bedrooms,doubles,sleeps,price,stay,checked,why,link
pick,"Shepherd's Lodge, Beech Farm Cottages","Wrelton, Pickering",Vale of Pickering,5,3,10,1470,2027-02-22 4n,2026-09-27,"Complex with its own indoor pool and a toddler-friendly playroom, plus a pub 50 m away; the strongest February 'facilities' option on the Yorkshire side.",https://www.beechfarm.com/availability
pick,Home Farm Holiday Cottages – Barnett's + Narroogal (or Barnett's + Plover),"Home Farm, Holt Road, Weybourne, Norfolk NR25 7ST",North Norfolk (Weybourne–Cromer),6,3,14,1800,"Mon 22 Feb 2027, 4n",2026-09-27,"Closest thing to the brief by the sea: small complex with indoor pool, soft play and play area, beach and pub on foot. Live-priced today and cheaper than estimated.",https://weybourne-holiday-cottages.co.uk/cottages/barnetts-cottage.php
pick,Neddy House,"Grinton, Swaledale",Swaledale (Yorkshire Dales),5,4,10,1175,"Mon 22 Feb 2027, 4n",2026-09-27,Only Yorkshire house found with 4 proper double rooms (3 super-king en-suites + king); pub a few strides away,https://www.sykescottages.co.uk/cottage/North-York-Moors-Coast-Grinton/Neddy-House-1144732.html
pick,Nightingales,"27 Nightingale Road, north Bridlington (YO16 6RF)",Bridlington / Flamborough,5,5,10,1153,"Mon 1 Mar 2027, 7n",2026-09-27,"Only house found with a (near-)private indoor heated pool, 5 doubles and a walk to beach and pub; £1,258 for Mon 22 Feb 7n.",https://www.sykescottages.co.uk/cottage/North-York-Moors-Coast-Sewerby-Cott/Nightingales-1104755.html
pick,Tara Spa,"Near Trelawnyd / Prestatyn, Flintshire (Sykes locality 'Sarn')",North Wales coast (Prestatyn–Llandudno),5,5,10,2195,"Fri 26 Feb 2027, 7 nights",2026-09-27,"Private heated indoor pool plus hot tub, gym and games room in one house, 5 double-capable bedrooms, and the shortest drive in the west for all three households.",https://www.taraspanorthwales.co.uk/
pick,Center Parcs Woburn Forest – 4-bed Woodland Lodge,"Woburn Forest, Millbrook, Bedfordshire MK45 2HZ",Center Parcs (Woburn / Sherwood),4,2,8,559,"Mon 22 Feb 2027, 4n",2026-09-27,Cheapest 4-bed Center Parcs lodge on the target dates (Mon 22 Feb 4n £559) in the newest village; the benchmark for everything else.,https://www.centerparcs.co.uk/discover-center-parcs/holiday-locations/woburn-forest.html
pick,Center Parcs Sherwood Forest – 4-bed Woodland Lodge,"Sherwood Forest, Rufford, Newark, Nottinghamshire NG21 9DN",Center Parcs (Woburn / Sherwood),4,2,8,749,"Mon 22 Feb 2027, 4n",2026-09-27,The fairest-drive Center Parcs (35 min from Nottingham); same 2 double + 2 twin lodge as Woburn but £190 dearer for 4 nights.,https://www.centerparcs.co.uk/discover-center-parcs/holiday-locations/sherwood-forest.html
worth a look,Stagwood House (Stagwood Hill Farm),"New Mill, Holmfirth",Holmfirth (South Pennines),5,2,11,1160,"Fri 26 Feb 2027, 7n",2026-09-27,"Cheapest sleeps-11 house on the list, with a games room and big garden",https://www.sykescottages.co.uk/cottage/Peak-District-Peak-District-Derbyshire-Dales-New-Mill/Stagwood-Hill-Farm-1139159.html
worth a look,"Yard End, Killerby Old Hall","Killerby, Cayton",Filey / Scarborough / Cayton,6,4,12,2292,2027-02-22 7n,2026-09-27,"Sleeps 12 with 6 bedrooms, private hot tub and a shared indoor pool and bistro, between Scarborough and Filey.",https://www.cottages.com
worth a look,"Bayside, The Bay Filey","The Bay resort, Filey",Filey / Scarborough / Cayton,4,2,10,927,2027-02-22 4n,2026-09-27,"Cheapest seaside resort-style option: resort indoor pool, pub and playground 2 minutes away, beach 10 minutes' walk.",https://www.fileybaydirect.com/accommodation/bayside
worth a look,"The Rustic Barn, Thwing","Thwing, Yorkshire Wolds",Bridlington / Flamborough,4,2,8,,,,"Best facilities lead near Bridlington: shared heated indoor pool, gym, games room and tennis court; all bedrooms en-suite.",https://www.holidaycottages.co.uk/cottage/oc-29013-the-rustic-barn
worth a look,"The Pavilion, Sandsend","Sandsend, Whitby",Whitby / Sandsend,5,3,10,910,2027-02-22 4n,2026-09-27,"Best location house on the Whitby side: beach 100 m, pub and cafés walkable, every bedroom with a sea view.",https://www.sandsendpavilion.co.uk/rates
worth a look,Moor Grange Farm – The Manor House,"Taddington Barns, Moor Lane, Flagg, nr Buxton, Derbyshire SK17 9RA",Peak District (Bakewell / Carsington),6,2,14,1650,7n (date unknown),2026-09-27,"One big 6-bed, 4-bath house with a pool shared by only three small cottages, at a potentially low price; but only 2 fixed doubles and no online price.",https://www.moorgrangefarm.co.uk/buxton-cottages/group-accommodation-sleeps-28-buxton.html
worth a look,Haddon Grove Farm Cottages – The Farmhouse,"Haddon Grove, Monyash Road, nr Over Haddon, Bakewell, Derbyshire DE45 1JF",Peak District (Bakewell / Carsington),5,3,12,2092,"7n, low season (2027 dates not given)",2026-09-27,"One house with 3 doubles, 3 bathrooms and a site pool, 10 min from Bakewell; published but pricey rates.",https://www.groupaccommodation.com/properties/haddon-grove-farm-cottages-bakewell-derbyshire-peak-district
worth a look,Swyn Llyr,"Rhosneigr, Anglesey",Anglesey,6,4,12,1664,"Mon 22 Feb 2027, 4 nights",2026-09-27,"The only west-coast shortlisted house found free for Mon 22 Feb 2027 (4 nights). It is a 5-minute walk from a beach and village, and has 4 doubles with en-suites plus a cinema and games rooms.",https://www.sykescottages.co.uk/cottage/North-Wales-Snowdonia-Rhosneigr-Sta/Swyn-Llyr-1155679.html
worth a look,Gwelfor Barn,"Near Llangoed / Beaumaris, Anglesey",Anglesey,5,,10,,,,"Private indoor pool with views of Puffin Island, and a separate annexe wing. It now appears to have been withdrawn from Sykes.",https://www.sykescottages.co.uk/cottage/North-Wales-Snowdonia-Llangoed/Gwelfor-Barn-1057992.html
worth a look,Croft House (Croft Farm & Celtic Cottages),"Near Cardigan (Cilgerran/Bridell), Pembrokeshire, SA43 3NT",Pembrokeshire / Cardigan,6,5,12,,,,"The best on-site facilities of any complex found: a heated indoor pool, soft play, an indoor play barn and daily animal feeding. Croft House itself has 6 bedrooms and a private hot tub.",https://croft-holiday-cottages.co.uk/
worth a look,"The Farmhouse, Clydey Cottages","Lancych, near Boncath, Pembrokeshire, SA37 0LW",Pembrokeshire / Cardigan,4,4,8,,,,"A baby-specialist complex with an indoor pool that can be booked for sole use, soft play and animal feeding, plus a 4-bed farmhouse with a private hot tub.",https://www.clydeycottages.co.uk/our-cottages/the-farmhouse/
worth a look,Berwyn Bank (Halls Bank Cottages),"Arkleby, near Cockermouth, Cumbria",West Cumbria / Lakes,6,4,12,857,"Mon 22 Feb 2027, 4n",2026-09-27,"Every bedroom has en-suite access, and there's a shared indoor pool only 1m deep throughout that can be hired privately (£30/hour). It's the best toddler pool found, and a short drive for Durham.",https://www.cottages.com/cottages/halls-bank-cottages-berwyn-bank-15825
worth a look,Warenford Cottages – The Mill House,"Warenford, nr Belford/Bamburgh, Northumberland",Northumberland coast,4,2,8,731,"Mon 22 Feb 2027, 4n",2026-09-27,Cheapest 4-bed with a shared indoor pool on the Northumberland coast; all rooms en-suite; Bamburgh/Seahouses about 15 min.,https://www.cottages.com/cottages/warenford-cottages-the-mill-house-mlx
worth a look,North Farm Cottages – Granary Stone House,"North Farm, Embleton, Northumberland",Northumberland coast,6,3,12,1892,"Fri 26 Feb 2027, 7n",2026-09-27,"Big house with a shared indoor pool and beach 1 mile, but it has only 3 doubles (not 4 as research had) and is pricey for a 4-night stay.",https://www.sykescottages.co.uk/cottage/Northumbria-Northumberland-Embleton/Granary-Stone-House-924725.html
worth a look,Village Farm – The Farmhouse,"Shilbottle, nr Alnwick, Northumberland",Northumberland coast,4,2,10,,,,"Winter-practical: 4 en-suite bedrooms, a heated pool bookable by the hour per cottage, and a games room and play area on site; 10 min from Alnwick.",https://www.villagefarmcottages.co.uk/property/the-farmhouse
worth a look,"The Retreat, Uploders","Uploders, nr Bridport, Dorset",Dorset / East Devon coast,5,2,10,1156,"Mon 22 Feb 2027, 4n",2026-09-27,"Cheapest private-pool option in the south: a Grade II thatched barn with its own indoor pool and games room; Bridport 2 mi, West Bay 3 mi.",https://www.cottages.com/cottages/the-retreat-dgn
worth a look,Libbear Barton – Badger's House,"Shebbear, nr Holsworthy, Devon",Dorset / East Devon coast,4,3,9,,,,"Toddler complex with a private 2-hour pool session per cottage per day, soft play, a petting farm and a games room, all 9am–8pm year-round. Badger's House is the best 4-bed barn.",https://www.libbearbarton.co.uk/badgers-house
worth a look,The Gables,"North Bridlington, Sewerby side",Bridlington / Flamborough,5,5,,817,"Mon 22 Feb 2027, 4n",2026-09-27,"Best town layout: 5 doubles incl. ground-floor en-suite, 3 baths + WC, a playroom and hot tub; walk to North Beach. Price not obtained.",https://www.cottages.com/cottages/the-gables-uk36636
worth a look,Courtenay House,"Harpham, nr Nafferton (Wolds edge, ~15 min from Bridlington)",Bridlington / Flamborough,4,4,8,1059,"Fri 26 Feb 2027, 7n",2026-09-27,"4 doubles and 4 bathrooms for about £1,050-1,350/wk, the cheapest proper-doubles house found.",https://www.sykescottages.co.uk/cottage/East-Riding-of-Yorkshire-Harpham/Courtenay-House-1166131.html
worth a look,Harpham Manor House,"Harpham, nr Nafferton",Bridlington / Flamborough,6,5,12,1345,"Mon 22 Feb 2027, 4n",2026-09-27,"Grade II manor with games room and big rooms; 4n midweek £1,345; Feb half-term weeks unavailable.",https://www.sykescottages.co.uk/cottage/North-York-Moors-Coast-Harpham/Harpham-Manor-House-1166133.html
worth a look,Foremans House,Rudston (4 mi inland of Bridlington),Bridlington / Flamborough,5,3,10,949,"Fri 26 Feb 2027, 7n",2026-09-27,"3 doubles + 2 twins, 4 bathrooms, rated 5.0 (26); Friday-start weeks under £1,000 in Feb.",https://www.sykescottages.co.uk/cottage/North-York-Moors-Coast-Rudston/Foremans-House-947040.html
worth a look,Grange Farm Cottages: Bay View House (+ Low Barn optional),"Sewerby, 2 mi N of Bridlington centre",Bridlington / Flamborough,4,3,8,1415,"Mon 22 Feb 2027, 4n",2026-09-27,"Walkable to Sewerby Hall, the clifftop and a pub; Bay View House alone has 3 doubles + twin and 3 bathrooms, with a hot tub and sea views. Price by quote only.",https://big-cottages.com/properties/united-kingdom/england/yorkshire-and-the-humber/east-yorkshire/bridlington/bay-view-house-3wzv98
worth a look,The Old School House,"Langtoft, Yorkshire Wolds (~25 min from Bridlington)",Bridlington / Flamborough,5,5,,1433,"Mon 1 Mar 2027, 7n",2026-09-27,"4+ doubles, 4 baths, gym and pool table, but individual spiral stairs to upper rooms and a 25-minute drive to the sea.",https://www.sykescottages.co.uk/cottage/East-Riding-of-Yorkshire-Driffield/The-Old-School-House-1209343.html
worth a look,The Emberton,North Bridlington,Bridlington / Flamborough,5,4,9,736,"Mon 22 Feb 2027, 4n",2026-09-27,4 doubles (2 en-suite) with sea views in north Brid; only 2 bathrooms; not priced (blocked).,https://www.sykescottages.co.uk/cottage/North-York-Moors-Coast-Bridlington/The-Emberton-1098042.html
worth a look,Beach House,"Hilderthorpe, South Bridlington",Bridlington / Flamborough,4,2,,923,"Mon 22 Feb 2027, 4n",2026-09-27,"Rated 5.0 from 85 reviews, 3 bathrooms, but only 2 doubles (2 kings + 2 twins).",https://www.sykescottages.co.uk/cottage/North-York-Moors-Coast-Hilderthorpe/Beach-House-1018990.html
worth a look,Bay View (Reighton/Speeton edge),Clifftop between Reighton and Speeton (Sykes lists it under Filey),Bridlington / Flamborough,5,3,,1555,"Mon 1 Mar 2027, 7n",2026-09-27,"Very child-ready (stairgates, cots) with sea views and hot tub; 3 doubles + family room + twin; 3 baths. Not priced.",https://www.sykescottages.co.uk/cottage/North-Yorkshire-Filey/Bay-View-1203200.html
worth a look,Mill Race Cottage,Driffield area,Bridlington / Flamborough,4,4,8,1258,"Mon 1 Mar 2027, 7n",2026-09-27,"4 doubles, all en-suite, but 25 min from the sea and not priced.",https://www.sykescottages.co.uk/cottage/East-Riding-of-Yorkshire-Driffield/Mill-Race-Cottage-1199744.html
worth a look,Tennyson Grange,Bridlington,Bridlington / Flamborough,7,4,16,1290,"Mon 22 Feb 2027, 4n",2026-09-27,"Oversized (sleeps 16) but 4 super-kings, a small games room and 'from £1,233'; not priced for our dates.",https://www.sykescottages.co.uk/cottage/North-York-Moors-Coast-Bridlington/Tennyson-Grange-1161810.html
worth a look,Lindengarth,"North Bridlington, Sewerby side",Bridlington / Flamborough,5,,10,1874,"Mon 22 Feb 2027, 7n",2026-09-27,5-bed sleeps-10 house in the best micro-area; layout and bathrooms unverified.,https://big-cottages.com/properties/united-kingdom/england/yorkshire-and-the-humber/east-yorkshire/bridlington/sewerby/lindengarth-4e6f2818-57e8-4ca2-9ec7-af81fd3b904e
worth a look,Cardigan House,"South side, Bridlington",Bridlington / Flamborough,5,5,10,1537,"Fri 26 Feb 2027, 7n",2026-09-27,Cheap 5-bed sleeps-10 town house; layout unverified.,https://big-cottages.com/properties/united-kingdom/england/yorkshire-and-the-humber/east-yorkshire/bridlington/cardigan-house
worth a look,The Roost,Bempton,Bridlington / Flamborough,4,3,8,1046,"Mon 22 Feb 2027, 7n",2026-09-27,"Cheapest 3-double house found: every bedroom en-suite, big garden and meadow, walk to RSPB Bempton Cliffs. No pool or playroom.",https://big-cottages.com/properties/united-kingdom/england/yorkshire-and-the-humber/east-yorkshire/bridlington/the-roost-28ab997e-2930-466a-8a29-b5b168bd3b8d
reference,Coombehayes Barn,"Uplyme, nr Lyme Regis, Devon",Dorset / East Devon coast,5,,12,1966,"Mon 22 Feb 2027, 4n",2026-09-27,"Reference: private heated pool and 4 adult doubles, but about double the price of the others.",https://www.cottages.com/cottages/coombehayes-barn-dqs
reference,Elm Retreat (Fern House),"Between Totnes and Dartmouth, Devon",Dorset / East Devon coast,4,2,8,1661,"Mon 22 Feb 2027, 4n",2026-09-27,Reference: estate with shared pools and under-5s soft play; expensive and only 2 doubles.,https://luxurycottages.com/property/fern-house/
reference,Calm Waters Luxury Beach House,"South Beach seafront, Hilderthorpe, Bridlington",Bridlington / Flamborough,5,5,,3310,"Mon 22 Feb 2027, 7n",2026-09-27,"Premium beachfront benchmark: 5 bed / 4 bath, Sykes Gem Gold 2025; £3,310 for the Feb week, over budget.",https://www.sykescottages.co.uk/cottage/North-York-Moors-Coast-Hilderthorpe/Calm-Waters-Luxury-Beach-House-1182106.html
reference,Puffin Lodge,Hunmanby Gap,Bridlington / Flamborough,4,3,,1353,"Mon 22 Feb 2027, 4n",2026-09-27,"3 doubles + twin, all en-suite; covered under Filey research.",https://www.sykescottages.co.uk/cottage/North-Yorkshire-Hunmanby-Gap/Puffin-Lodge-1176186.html
reference,Wold Cottage,Muston (Filey edge),Bridlington / Flamborough,4,,,1417,"Mon 1 Mar 2027, 7n",2026-09-27,"Rated 5.0 from 123 reviews; king, double, zip-twin, twin; Filey scope.",https://www.sykescottages.co.uk/cottage/North-York-Moors-Coast-Muston/Wold-Cottage-935839.html
rejected,Manor Farm House,Bacton,North Norfolk (Weybourne–Cromer),4,2,7,1143,2027-02-19 3n,2026-09-27,,https://www.sykescottages.co.uk/cottage/Norfolk-Hall-Fm/Manor-Farm-House-1119571.html
rejected,Northcliffe & Seaview Holiday Parks,High Hawsker,Whitby / Sandsend,,,,,,,,
rejected,Number 30 Whitby,Whitby,Whitby / Sandsend,,,20,,,,,
rejected,Celtic Haven (now Haven Lydstep Beach Village),Lydstep,Pembrokeshire / Cardigan,,,,,,,,
rejected,White Cross Bay Holiday Park,"Troutbeck Bridge, Windermere",West Cumbria / Lakes,,,,,,,"Lake District resort with an indoor pool, checked as a Center Parcs-lite option.",
rejected,Aberdovey Hillside Village (Eastward A2),Aberdyfi,North Wales coast (Prestatyn–Llandudno),4,,8,,,,Seaside complex with soft play in a walkable village.,
rejected,Kelling Heath Holiday Park,Weybourne,North Norfolk (Weybourne–Cromer),,,,,,,"Norfolk woodland park next to Home Farm, Weybourne.",
rejected,Norfolk Woods Resort,Pentney,North Norfolk (Weybourne–Cromer),,,,,,,Norfolk resort with an indoor pool and toddler splash area.,
rejected,Wood Farm Cottages,,North Norfolk (Weybourne–Cromer),,,,,,,Norfolk cottage complex with a pool.,
rejected,Hoe Grange Holidays,Brassington,Peak District (Bakewell / Carsington),,,,,,,Derbyshire log-cabin site checked in the Peak sweep.,
rejected,Memory Maker,"Bridlington, near beach",Bridlington / Flamborough,,4,,,,,,https://www.sykescottages.co.uk/cottage/East-Riding-of-Yorkshire-Bridlington/Memory-Maker-1203762.html
rejected,Tapestry House,"The Spa, Bridlington",Bridlington / Flamborough,6,,12,,,,,https://www.sykescottages.co.uk/cottage/East-Riding-of-Yorkshire-Spa-The/Tapestry-House-1204211.html
rejected,K&J Holiday House,"The Spa, Bridlington",Bridlington / Flamborough,6,4,,,,,,https://www.sykescottages.co.uk/cottage/East-Riding-of-Yorkshire-Spa-The/K-amp-J-Holiday-House-1206953.html
rejected,Hilderthorpe House,"The Spa, Bridlington",Bridlington / Flamborough,,2,,,,,,https://www.sykescottages.co.uk/cottage/North-York-Moors-Coast-Spa-The/Hilderthorpe-House-1072421.html
rejected,Gravel Pit Cottage,Carnaby Moor / Fraisthorpe,Bridlington / Flamborough,4,,12,,,,,https://www.sykescottages.co.uk/cottage/East-Riding-of-Yorkshire-Carnaby-Moor/Gravel-Pit-Cottage-1205031.html
rejected,The Mews,Bessingby,Bridlington / Flamborough,,,12,,,,,https://www.sykescottages.co.uk/cottage/North-York-Moors-Coast-Bessingby/The-Mews-922232.html
rejected,The Grange,Flamborough,Bridlington / Flamborough,7,3,15,,,,,https://www.sykescottages.co.uk/cottage/North-York-Moors-Coast-Grange-The/The-Grange-1138011.html
rejected,5 Cliff Lane,Buckton,Bridlington / Flamborough,,,,,,,,https://www.sykescottages.co.uk/cottage/North-York-Moors-Coast-Buckton/5-Cliff-Lane-958277.html
rejected,Holyrood Lodge,Bridlington,Bridlington / Flamborough,6,,12,,,,,https://www.sykescottages.co.uk/cottage/North-York-Moors-Coast-Bridlington/Holyrood-Lodge-1154942.html
rejected,Wellington House,Bridlington,Bridlington / Flamborough,8,,15,,,,,https://www.sykescottages.co.uk/cottage/North-York-Moors-Coast-Bridlington/Wellington-House-1119389.html
rejected,Broad Bay Lodge / Coral Villa,Bridlington,Bridlington / Flamborough,,,16,,,,,https://www.sykescottages.co.uk/cottage/North-York-Moors-Coast-Bridlington/Broad-Bay-Lodge-1159060.html
rejected,Portobell House,Bridlington,Bridlington / Flamborough,,,13,,,,,https://www.sykescottages.co.uk/cottage/East-Riding-of-Yorkshire-Bridlington/Portobell-House-1208020.html
rejected,Lansdowne Grange / Mayfield Sands,Bridlington,Bridlington / Flamborough,,,,,,,,https://www.sykescottages.co.uk/cottage/East-Riding-of-Yorkshire-Bridlington/Lansdowne-Grange-1206989.html
rejected,Reighton House / Manor Farmhouse Reighton,Reighton (Filey edge),Bridlington / Flamborough,,,,,,,,https://www.sykescottages.co.uk/cottage/North-Yorkshire-Graffitoe-Fm/Reighton-House-1203301.html
rejected,Seapoint,Hunmanby Sands,Bridlington / Flamborough,,2,,,,,,https://www.sykescottages.co.uk/cottage/North-York-Moors-Coast-Hunmanby-Sands/Seapoint-1130672.html
rejected,Bewholme,"Low Bonwick, Hornsea edge",Bridlington / Flamborough,,,12,,,,,https://www.sykescottages.co.uk/cottage/North-York-Moors-Coast-Low-Bonwick/Bewholme-1172971.html
rejected,Wavecrest Cottage,Flamborough,Bridlington / Flamborough,3,,8,,,,,https://big-cottages.com/properties/united-kingdom/england/yorkshire-and-the-humber/east-yorkshire/bridlington/wavecrest-cottage-characterful-3-bedroom-holiday-cottage-76cf06c3-4221-428b-9911-caa6ab236d25
rejected,Kilburn House / Highcliffe Manor,Bridlington / Flamborough,Bridlington / Flamborough,,,,,,,,https://big-cottages.com/properties/united-kingdom/england/yorkshire-and-the-humber/east-yorkshire/bridlington/highcliffe-manor
rejected,Sewerby Hall estate cottages,"Sewerby Hall, Sewerby",Bridlington / Flamborough,,,,,,,,https://www.sewerbyhall.co.uk/holiday-cottages
rejected,Bourne End House,Primrose Valley (Filey edge),Bridlington / Flamborough,7,,18,,,,,
rejected,Thornwick Bay holiday park,"North Landing, Flamborough",Bridlington / Flamborough,,,,,,,,
